{
    "hlf": {
        "dgr": [
            28.095238095238095,
            155.37142857142857
        ],
        "pwm": [
            400.0,
            100.0
        ]
    },
    "hlb": {
        "dgr": [
            24.60000000000001,
            143.87619047619046
        ],
        "pwm": [
            400.0,
            120.0
        ]
    },
    "hrb": {
        "dgr": [
            150.62238095238095,
            32.85
        ],
        "pwm": [
            500.0,
            220.0
        ]
    },
    "hrf": {
        "dgr": [
            42.11666666666667,
            134.17619047619047
        ],
        "pwm": [
            240.0,
            460.0
        ]
    },
    "krf": {
        "dgr": [
            206.13571428571427,
            105.54761904761905
        ],
        "pwm": [
            520.0,
            280.0
        ]
    },
    "krb": {
        "dgr": [
            201.07619047619048,
            113.51190476190476
        ],
        "pwm": [
            480.0,
            280.0
        ]
    },
    "klb": {
        "dgr": [
            209.3309523809524,
            117.1904761904762
        ],
        "pwm": [
            90.0,
            300.0
        ]
    },
    "klf": {
        "dgr": [
            200.4190476190476,
            102.53809523809525
        ],
        "pwm": [
            85.0,
            320.0
        ]
    }
}